RowNumber,Number,Gender,NameSet,Title,GivenName,MiddleInitial,Surname,AmountPaid,StreetAddress,City,State,StateFull,ZipCode,Country,CountryFull,Feedback,EmailAddress,Username,Password,BrowserUserAgent,TelephoneNumber,TelephoneCountryCode,MothersMaiden,Birthday,TropicalZodiac,CCType,CCNumber,CVV2,CCExpires,NationalID,UPS,WesternUnionMTCN,MoneyGramMTCN,Color,Occupation,Company,Vehicle,Domain,BloodType,Pounds,Kilograms,FeetInches,Centimeters,GUID,Latitude,Longitude
30153,35001,female,Russian,Ms.,Carolina,V,Koltsova,54435.70,1958 Sandown Rd,Vredendal,WC,Western Cape,8207,ZA,South Africa,"""Thank you!,CarolinaKoltsova@superrito.com,Cumfornot67,phoo1ooVah,Mozilla/5.0 (Macintosh. Intel Mac OS X 10_10_3) AppleWebKit/537.36 (KHTML""",""" like Gecko) Chrome/43.0.2357.130 Safari/537.36""""""",084 956 3986,27,NULL,2/16/1967,Aquarius,MasterCard,###############################################################################################################################################################################################################################################################,261,Dec-17,NULL,1Z 262 728 13 4688 032 7,5482693375,22348196,Green,Personnel administrator,Sound Advice,1992 Chrysler Daytona,DeveloperU.co.za,O+,183.5,83.4,"""5' 0""""""",153,5830bbcb-aa0d-41e4-8531-aa6feb540bdb,-31.621286,18.425122,NULL,NULL,";"
38116,,NULL,NULL,NULL,NULL,NULL,NULL,6517.75,NULL,NULL,NULL,NULL,NULL,NULL,NULL,NULL,NULL,NULL,NULL,NULL,NULL,NULL,NULL,NULL,NULL,NULL,NULL,NULL,NULL,NULL,NULL,NULL,NULL,NULL,NULL,NULL,NULL,NULL,NULL,NULL,NULL,NULL,NULL,NULL,NULL,";"
38117,,NULL,NULL,NULL,NULL,NULL,NULL,21707.62,NULL,NULL,NULL,NULL,NULL,NULL,NULL,NULL,NULL,NULL,NULL,NULL,NULL,NULL,NULL,NULL,NULL,NULL,NULL,NULL,NULL,NULL,NULL,NULL,NULL,NULL,NULL,NULL,NULL,NULL,NULL,NULL,NULL,NULL,NULL,NULL,NULL,";"
38118,,NULL,NULL,NULL,NULL,NULL,NULL,42408.35,NULL,NULL,NULL,NULL,NULL,NULL,NULL,NULL,NULL,NULL,NULL,NULL,NULL,NULL,NULL,NULL,NULL,NULL,NULL,NULL,NULL,NULL,NULL,NULL,NULL,NULL,NULL,NULL,NULL,NULL,NULL,NULL,NULL,NULL,NULL,NULL,NULL,";"
38119,,NULL,NULL,NULL,NULL,NULL,NULL,353.37,NULL,NULL,NULL,NULL,NULL,NULL,NULL,NULL,NULL,NULL,NULL,NULL,NULL,NULL,NULL,NULL,NULL,NULL,NULL,NULL,NULL,NULL,NULL,NULL,NULL,NULL,NULL,NULL,NULL,NULL,NULL,NULL,NULL,NULL,NULL,NULL,NULL,";"
42223,47067,NULL,NULL,NULL,NULL,NULL,NULL,98997.08,NULL,NULL,NULL,NULL,NULL,NULL,NULL,NULL,NULL,NULL,NULL,NULL,NULL,NULL,NULL,NULL,NULL,NULL,NULL,NULL,NULL,NULL,NULL,NULL,NULL,NULL,NULL,NULL,NULL,NULL,NULL,NULL,NULL,NULL,NULL,NULL,NULL,";"
45157,,NULL,NULL,NULL,NULL,NULL,NULL,NULL,NULL,NULL,NULL,NULL,NULL,NULL,NULL,NULL,NULL,NULL,NULL,NULL,NULL,NULL,NULL,NULL,NULL,NULL,NULL,NULL,NULL,NULL,NULL,NULL,NULL,NULL,NULL,NULL,NULL,NULL,NULL,NULL,NULL,NULL,NULL,NULL,NULL,";"
45158,,NULL,NULL,NULL,NULL,NULL,NULL,NULL,NULL,NULL,NULL,NULL,NULL,NULL,NULL,Not satisfied,NULL,NULL,NULL,NULL,NULL,NULL,NULL,NULL,NULL,NULL,NULL,NULL,NULL,NULL,NULL,NULL,NULL,NULL,NULL,NULL,NULL,NULL,NULL,NULL,NULL,NULL,NULL,NULL,NULL,";"
49144,3988,male,Australian,NULL,NULL,NULL,NULL,NULL,NULL,NULL,NULL,NULL,NULL,NULL,NULL,NULL,NULL,NULL,NULL,NULL,NULL,NULL,NULL,NULL,NULL,NULL,NULL,NULL,NULL,NULL,NULL,NULL,NULL,NULL,NULL,NULL,NULL,NULL,NULL,NULL,NULL,NULL,NULL,NULL,NULL,";"
49145,3989,female,Russian,NULL,NULL,NULL,NULL,NULL,NULL,NULL,NULL,NULL,NULL,NULL,NULL,NULL,NULL,NULL,NULL,NULL,NULL,NULL,NULL,NULL,NULL,NULL,NULL,NULL,NULL,NULL,NULL,NULL,NULL,NULL,NULL,NULL,NULL,NULL,NULL,NULL,NULL,NULL,NULL,NULL,NULL,";"
49146,3990,male,Scottish,NULL,NULL,NULL,NULL,NULL,NULL,NULL,NULL,NULL,NULL,NULL,NULL,NULL,NULL,NULL,NULL,NULL,NULL,NULL,NULL,NULL,NULL,NULL,NULL,NULL,NULL,NULL,NULL,NULL,NULL,NULL,NULL,NULL,NULL,NULL,NULL,NULL,NULL,NULL,NULL,NULL,NULL,";"
